<?xml version="1.0" encoding="UTF-8"?>
<project-private xmlns="http://www.netbeans.org/ns/project-private/1">
    <editor-bookmarks xmlns="http://www.netbeans.org/ns/editor-bookmarks/2" lastBookmarkId="0"/>
    <open-files xmlns="http://www.netbeans.org/ns/projectui-open-files/2">
        <group>
            <file>file:/E:/Documentos%20Netbeans/IT/EPD4/final/p2/src/java/hibernate.cfg.xml</file>
            <file>file:/E:/Documentos%20Netbeans/IT/EPD4/final/p2/src/java/parkingSystem/PersistenciaJDBC.java</file>
            <file>file:/E:/Documentos%20Netbeans/IT/EPD4/final/p2/src/java/servlets/ServletP4.java</file>
            <file>file:/E:/Documentos%20Netbeans/IT/EPD4/final/p2/src/java/hibernate.reveng.xml</file>
            <file>file:/E:/Documentos%20Netbeans/IT/EPD4/final/p2/web/index.jsp</file>
            <file>file:/E:/Documentos%20Netbeans/IT/EPD4/final/p2/src/java/parkingSystem/Parkingspot.hbm.xml</file>
            <file>file:/E:/Documentos%20Netbeans/IT/EPD4/final/p2/src/java/parkingSystem/Parkingspot.java</file>
            <file>file:/E:/Documentos%20Netbeans/IT/EPD4/final/p2/src/java/parkingSystem/NewHibernateUtil.java</file>
            <file>file:/E:/Documentos%20Netbeans/IT/EPD4/final/p2/src/java/parkingSystem/Garage.java</file>
            <file>file:/E:/Documentos%20Netbeans/IT/EPD4/final/p2/web/agrupaciones.jsp</file>
        </group>
    </open-files>
</project-private>
